{"cameraMode":{"drawMode":0,"name":"Shaded","section":"Shading Mode"},"sceneLighting":false,"audioPlay":false,"sceneViewState":{"showFog":true,"showMaterialUpdate":false,"showSkybox":true,"showFlares":true,"showImageEffects":true,"showParticleSystems":true},"in2DMode":false,"pivot":{"x":548.6338500976563,"y":966.5999755859375,"z":0.021014302968978883},"rotation":{"x":-0.04828760400414467,"y":0.012583211064338684,"z":-0.0005951739149168134,"w":-0.9987809062004089},"size":2525.954833984375,"orthographic":false}