{"cameraMode":{"drawMode":0,"name":"Shaded","section":"Shading Mode"},"sceneLighting":false,"audioPlay":false,"sceneViewState":{"showFog":true,"showMaterialUpdate":false,"showSkybox":false,"showFlares":true,"showImageEffects":true,"showParticleSystems":true},"in2DMode":false,"pivot":{"x":0.47957801818847659,"y":0.2595997452735901,"z":0.07510913908481598},"rotation":{"x":-0.08375006169080734,"y":0.62867271900177,"z":-0.06834845244884491,"w":-0.7701536417007446},"size":9.38200855255127,"orthographic":false}