{"cameraMode":{"drawMode":0,"name":"Shaded","section":"Shading Mode"},"sceneLighting":false,"audioPlay":false,"sceneViewState":{"showFog":true,"showMaterialUpdate":false,"showSkybox":true,"showFlares":true,"showImageEffects":true,"showParticleSystems":true},"in2DMode":false,"pivot":{"x":0.6583285331726074,"y":1.0796616077423096,"z":2.5764846801757814},"rotation":{"x":-0.08375006169080734,"y":0.62867271900177,"z":-0.06834845244884491,"w":-0.7701536417007446},"size":6.7682881355285648,"orthographic":false}